,inertia,silhouette
ward,1002.0848778301969,0.26931870904136235
complete,1034.2554828563134,0.23705671277129578
average,1297.258385497087,0.15906077810117
