k,inertia,silhouette
2,303.98185815250656,0.5218820570271872
3,121.4141154170369,0.6489197088069861
4,61.0877299720828,0.7206041181948616
5,60.46639993986628,0.6335677910912646
6,60.16324841746612,0.6372979264671639
